{
  "Q2": {
    "cold": 0.22672400006558746,
    "hot": 0.1635825999546796,
    "optimal": 144880,
    "ub": 144880
  },
  "Q3": {
    "cold": 0.2148292000638321,
    "hot": 0.14378829998895526,
    "optimal": 73575,
    "ub": 73575
  },
  "Q4": {
    "cold": 0.23009650001768023,
    "hot": 0.12974720005877316,
    "optimal": 32608,
    "ub": 32608
  }
}